{"IMRA": null, "CODI": 419.816704, "CMRA": 0.003073, "FULC": 450.883392, "LFHAX": null, "SRRK": 5128.38144, "ALTI": 484.046112, "XOMA": 355.518912, "GEG": 59.26764, "HOWL": 38.152596, "BTMD": 67.484528, "NGM": null, "APPN": 1872.660736, "KYMR": 6360.759296, "SNDA": 1505.991936, "CCO": 1191.386496, "TNYA": 163.009568, "ISRL": 78.76604, "GLT": null, "WLDN": 1117.40224, "JSPR": 34.420368, "SODI": 51.544872, "TFIN": 1337.220864, "WGS": 2045.525504, "RYES": 34.363532, "GREE": 20.064726, "ADES": null, "NEE": 186475.216896, "VERA": 2892.045056, "ONEW": 143.706288, "IVFH": 20.862388, "RILY": 246.720432, "UTRS": 0.000887, "FBIO": 92.803432, "FRSH": 2281.605632, "ASPS": 72.73172, "PET": null, "VAPO": null, "PRPL": 76.800448, "HRTG": 792.878336, "MLYS": 1983.35552, "NSIT": 2191.762688, "SDPI": null, "FIS": 25783.789568, "GLYC": null, "IRON": 2219.77088, "NUVB": 1466.860416, "LNKB": 306.40576, "BFI": null, "RMAX": 117.833352}