{"IMRA": null, "CODI": 419.816704, "CMRA": 0.003073, "FULC": 450.883392, "LFHAX": null, "SRRK": 5128.38144, "ALTI": 484.046112, "XOMA": 355.518912, "GEG": 59.26764, "HOWL": 38.152596, "BTMD": 67.484528, "NGM": null, "APPN": 1872.660736, "KYMR": 6360.759296, "SNDA": 1505.991936, "CCO": 1191.386496, "TNYA": 163.009568, "ISRL": 78.76604, "GLT": null, "WLDN": 1117.40224, "JSPR": 34.420368, "SODI": 51.544872, "TFIN": 1337.220864, "WGS": 2045.525504, "RYES": 34.363532, "GREE": 20.064726, "ADES": null, "NEE": 186475.216896, "VERA": 2892.045056, "ONEW": 143.706288, "IVFH": 20.862388, "RILY": 246.720432, "UTRS": 0.000887, "FBIO": 92.803432, "FRSH": 2281.605632, "ASPS": 72.73172, "PET": null, "VAPO": null, "PRPL": 76.800448, "HRTG": 792.878336, "MLYS": 1983.35552, "NSIT": 2191.762688, "SDPI": null, "FIS": 25783.789568, "GLYC": null, "IRON": 2219.77088, "NUVB": 1466.860416, "LNKB": 306.40576, "BFI": null, "RMAX": 117.833352, "LAZY": null, "PHGE": 7.792298, "OMGA": null, "DLHC": 81.450856, "NICK": null, "TTI": 1068.21664, "PFBX": 97.012984, "PACW": null, "MYOV": null, "MIRO": null, "TLYS": 112.447848, "SWX": 6040.253952, "GTLB": 3785.436928, "HHC": null, "AESI": 1673.694592, "JNCE": null, "CFR": 8358.436864, "HTLD": 747.439936, "FYBR": 9635.510272, "VLY": 6541.065216, "SCHW": 168204.845056, "AMAM": null, "PFMT": null, "HASI": 4565.934592, "MODV": null, "NDLS": 35.932776, "WEST": 410.767424, "PDM": 812.770432, "PLBY": 202.153104, "CTM": 70.827104, "BRT": 256.650336, "MACK": null, "AZYO": null, "DICE": null, "HLGN": null, "UEC": 5926.769152, "MONIX": null, "ETNB": null, "TRSSF": null, "CQP": 32446.14656, "UTI": 1944.424576, "LSAK": 433.885824, "ACDC": 1161.511296, "ATAI": 1267.618944, "BMEA": 80.602152, "SUP": null, "DOMO": 149.220608, "SPG": 59960.38144, "AREN": 129.955624, "NNBR": 85.834832, "FOA": 173.329088, "CWEN": 4526.646272, "OCX": null, "CSSE": null, "BRN": 14.953914, "CEMI": null, "ALTG": 173.594208, "SFBC": 104.869776, "PRDS": null, "NOGN": null, "PIII": 589.17152, "BTTX": 0.005451, "REPX": 768.252736, "FSNB": null, "TMQ": 555.596928, "KNTE": null, "FBSPX": null, "SFNC": 2743.796992, "TRNR": 2.746419, "TCRR": null, "ADT": 5338.993664, "EWBC": 14248.075264, "SNV": null, "MGTX": 579.5344, "CMCT": 0.34016, "FDMT": 491.932992, "SLRN": null, "USCB": 331.364288, "PZG": 134.939312, "INBK": 171.369568, "BW": 1980.185472, "NSPR": 76.691504, "RBA": 17659.150336, "AVD": 67.184808, "SLQT": 105.086264, "BLFS": 910.45504, "OUST": 1259.219968, "FSTR": 292.14752, "LAB": 384.064416, "SLNO": 1784.24704, "PRLD": 187.967168, "ACAD": 3536.058112, "RM": 305.0792, "ANNX": 761.67552, "SIRE": null, "AUID": 20.495448, "RAIN": 24.812166, "SBIG": 0.38839, "LYRA": 0.878566, "ZD": 1669.47584, "LXRX": 660.941696, "AMPS": null, "AAP": 2827.104, "GME": 10111.574016, "BNKL": 0.001248, "DAWN": 2214.702592, "AKYA": null, "JYNT": 122.05144, "BKTI": 290.840192, "SLGD": null, "CLNN": 62.719484, "AZTR": 4.494382, "CAPIX": null, "MPAA": 199.687344, "DMAC": 352.04352, "RMBL": null, "ACET": 66.432, "IGMS": null, "AENT": 335.809056, "KGS": 4800.099328, "EPSN": 180.556336, "EVLO": 0.009491, "APGE": 4546.699264, "THRX": null, "SVRA": 1015.101248, "MLKN": 1219.563008, "RMCF": 20.252224, "SGMT": 157.060224, "STCN": null, "HPK": 863.025856, "JANX": 855.29312, "TSBX": null, "TGAN": null, "ABOS": 161.73104, "SYM": 30186.061824, "YELL": null, "SHYF": null, "INZY": null, "ADC": 9166.626816, "EXFY": 77.717184, "RBOT": 7.33584, "ZBRA": 10315.43808, "LOCO": 423.881056, "IOBT": 12.706165, "EMBC": 526.464544, "BVS": 582.059968, "TSVT": null, "MRTX": null, "TNGX": 2771.017472, "XPOF": 289.028256, "NLTX": null, "TSHA": 1205.245184, "HQI": 138.602992, "HHH": 3676.580608, "SKIN": 144.383536, "SSKN": 1.589813, "FNKO": 186.848304, "FWRD": 488.14416, "ANTX": 143.764784, "MRCY": 4636.730368, "BYTS": null, "RRGB": 57.115332, "SOWG": 6.410993, "CCIF": 66.351688, "INBX": 886.00448, "NH": null, "SPRY": 811.259008, "DCOM": 1408.500992, "STAA": 867.46336, "PVBC": null, "MGNX": 181.76968, "TSNDF": 229.2328, "GATO": null, "DNTH": 3361.027328, "OLMA": 1227.170048, "BKSC": 84.55356, "TKNO": 149.509584, "RYZB": null, "NMRA": 426.545504, "CART": 9695.342592, "CHPT": 123.705648, "MEIP": null, "MCFT": 328.955104, "CODA": 133.84792, "STRUX": null, "COTY": 1883.213696, "MLTX": 1167.01248, "VCNX": 2.382207, "CTRN": 366.023104, "BHVN": 1343.255808, "CERE": null, "ATXS": 718.127296, "ACHR": 4319.218176, "QRHC": 21.588544, "RGF": null, "ARQT": 2754.78144, "NTRS": 25670.793216, "TRML": null, "CFFN": 920.068096, "UEIC": 56.805952, "LC": 1611.914112, "TEX": 6501.366272, "NYC": 23.842652, "RPTX": 114.23716, "BALY": 591.912128, "MKL": 23648.632832, "LXEO": 412.3784, "INTZ": 23.520438, "ADV": 251.853408, "AEVA": 847.727488, "ALPN": null, "AURA": 415.946432, "MODG": null, "TXO": 705.446848, "SNCR": 103.560608, "RXO": 2172.286208, "MDGL": 10120.196096, "KLG": null, "TKO": 14867.39456, "CRGX": null, "PCT": 1045.670656, "HG": 2830.475264, "BRCC": 97.926904, "SGN": 7.408163, "GRPN": 465.827424, "ATNI": 399.285952, "AUGX": null, "MICS": null, "RANI": 138.589456, "KYN": 2362.690816, "DRTT": null, "GBIO": 35.983832, "EYPT": 1103.804672, "DRTTF": 121.798392, "MNKTQ": null, "LOVE": 154.064304, "WVE": 2213.878272, "BH": 964.975872, "CTSO": 41.450844, "WBD": 68029.41952, "LQDA": 3208.246528, "PRKA": 27.50556, "VRCA": 93.624384, "DLTR": 21062.529024, "WHLR": 1.520023, "ATHA": null, "KALV": 859.286976, "ZIVO": 36.163936, "OPK": 859.825472, "SNMP": null, "SLDB": 547.708992, "CELU": 35.182104, "PSBD": 327.066272, "VRDN": 2757.533184, "EWTX": 3117.28128, "CALC": 9.093686, "PAYS": 177.788528, "CRBP": 150.956112, "RLMD": 445.135104, "CGON": 5495.043072, "COLB": 7725.694976, "AVBP": 973.319808, "SKYE": 20.805292, "WOLF": 735.846144, "CRMT": 99.795456, "ANRO": 666.99424, "GUTS": 67.683088, "LCTX": 361.176928, "SANA": 829.956032, "PEPG": 324.841888, "PLCE": 73.819072, "EG": 12764.095488, "PTWO": null, "BERY": null, "KYTX": 473.276448, "PMNT": 9.847597, "PRME": 635.54368, "GTES": 5615.015424, "MODD": 25.613338, "LRMR": 465.120832, "FCNCA": 22355.679232, "IOVA": 1520.138368, "BNL": 3723.124224, "GSHD": 1562.933888, "RIG": 6859.719168, "AMN": 695.925888, "MDRX": 516.185984, "PX": 1159.55904, "STHO": 98.827504, "ENV": null, "ELAN": 11922.089984, "LSEA": null, "GENK": 60.28438, "HFUS": 123.883664, "MAIA": 85.642992, "BTSG": 7915.795968, "ISDR": null, "AMR": 2490.470656, "CORZ": 4985.409024, "STKS": 59.672876, "AAOI": 6799.681024, "TISI": 67.4736, "LILA": 1562.764544, "FEIM": 397.417024, "LENZ": 327.918848, "ALAB": 19751.69024, "CRK": 6377.3312, "NKTX": 152.003168, "FSBC": 777.236928, "ALDX": 108.930832, "BOLD": 26.664632, "SRZN": 215.571232, "PGY": 878.08128, "HLVX": null, "ACRV": 52.381508, "ULS": 16626.190336, "INMB": 31.104754, "KRRO": 106.64692, "CTRI": 2935.774976, "GL": 10890.074112, "HXL": 6273.738752, "LOAR": 5545.259008, "SAMG": 108.417232, "SABR": 521.617856, "TMCI": 80.092224, "BCRX": 2432.765952, "PAL": 173.689152, "OPOF": null, "APEI": 990.52192, "BATRA": 2942.002176, "EVBN": null, "LUXH": 0.027815, "SUN": 12195.90656, "BOW": 710.417408, "NSC": 63124.95104, "CRM": 183071.064064, "UHG": 68.239568, "PYYX": 74.807688, "LGF": null, "PROK": 580.610304, "GDNSF": null, "RGEN": 6414.986752, "AVTE": null, "SPMC": 182.369808, "ATLN": 316.134944, "CLIR": 187.186, "ELYM": null, "TBN": 722.653248, "ALMS": 3171.763456, "ADCT": 490.3912, "DOUG": 152.768624, "BNED": 303.177696, "CULP": 35.329168, "TWFG": 277.128896, "NUZE": null, "ARTV": 131.492696, "COFS": 413.002432, "LINE": 8758.585344, "NEXT": 1941.937408, "HITC": null, "MGM": 9673.92256, "HTGC": 2602.96448, "AMBC": null, "GT": 1760.419328, "ACTU": 54.62182, "SCPH": null, "CEP": null, "POCI": 33.969008, "GBDC": 3250.867968, "LESL": 9.072481, "HR": 6128.29952, "MTDR": 7269.83424, "REED": 51.504544, "CGNT": 580.6528, "ZBIO": 1197.045376, "PI": 2966.030848, "MBX": 1362.593792, "BCAX": 1192.926208, "OMIC": null, "LUCY": 5.724696, "HCWC": 5.235369, "GDOT": 613.466176, "HWH": 10.167904, "AHH": 647.902656,