{"ZZZZZ": {"timestamp": 1775288659.723841}, "INVO": {"timestamp": 1775783468.4473028}, "ARTH": {"timestamp": 1775783468.768221}, "LICY": {"timestamp": 1775783469.078581}, "VLCN": {"timestamp": 1775783470.959622}, "FRES": {"timestamp": 1775783472.747773}, "MIMOQ": {"timestamp": 1775783473.060809}, "ADXS": {"timestamp": 1775783473.634103}, "GES": {"timestamp": 1775783474.212851}, "ACOGF": {"timestamp": 1775783474.8474612}, "SGH": {"timestamp": 1775783475.838033}, "SAVE": {"timestamp": 1775783476.150122}, "GBNHF": {"timestamp": 1775783476.464363}, "EAST": {"timestamp": 1775783476.776799}, "ICDI": {"timestamp": 1775783477.352233}, "KTRA": {"timestamp": 1775783478.324418}, "SMLR": {"timestamp": 1775783478.902117}, "SAVEQ": {"timestamp": 1775783479.862375}, "MULN": {"timestamp": 1775783481.081625}, "AWH": {"timestamp": 1776034796.891501}, "ABCE": {"timestamp": 1775787827.151092}, "ABMC": {"timestamp": 1775787827.468042}, "ACCD": {"timestamp": 1775787828.7607958}, "ADAP": {"timestamp": 1775787831.299147}, "ADVM": {"timestamp": 1775787832.9100192}, "AGFY": {"timestamp": 1776034790.7050948}, "AGRI": {"timestamp": 1775787834.4578261}, "AHNR": {"timestamp": 1775787835.4368682}, "AIDG": {"timestamp": 1775787836.737097}, "ALPC": {"timestamp": 1775787841.762933}, "ALRN": {"timestamp": 1775787842.4405508}, "AMNL": {"timestamp": 1775787845.4167628}, "ARGC": {"timestamp": 1775787848.9456441}, "ATAO": {"timestamp": 1775787851.863332}, "ATIF": {"timestamp": 1775787852.825172}, "AUGX": {"timestamp": 1775787854.112706}, "AXDX": {"timestamp": 1776034772.5683641}, "AYRO": {"timestamp": 1775787857.922067}, "AZEK": {"timestamp": 1776034782.651885}, "AZRS": {"timestamp": 1775787858.818388}, "BACA": {"timestamp": 1776034797.541125}, "BDRL": {"timestamp": 1775787864.6376479}, "BFGX": {"timestamp": 1775787865.720907}, "BGFR": {"timestamp": 1775787866.376032}, "BGXX": {"timestamp": 1775787866.964885}, "BIMT": {"timestamp": 1775787867.869216}, "BLUE": {"timestamp": 1775787871.08219}, "BSGM": {"timestamp": 1775787877.48128}, "BTDG": {"timestamp": 1775787879.7708218}, "BTTR": {"timestamp": 1775787880.41239}, "BYLT": {"timestamp": 1775787881.7009962}, "CANB": {"timestamp": 1775787883.9103281}, "CASK": {"timestamp": 1775787885.520467}, "CBDS": {"timestamp": 1775787885.835291}, "CDMO": {"timestamp": 1775787888.7436318}, "CDTX": {"timestamp": 1775787889.3248808}, "CGA": {"timestamp": 1775787890.62015}, "CHRO": {"timestamp": 1775787892.547609}, "CLIS": {"timestamp": 1775787894.7316108}, "CMXC": {"timestamp": 1775787898.6695628}, "CNCL": {"timestamp": 1775787899.3491971}, "CNCT": {"timestamp": 1775787899.66733}, "COTI": {"timestamp": 1775787903.814246}, "CTLT": {"timestamp": 1775787909.003204}, "CUTR": {"timestamp": 1776034770.041901}, "DAY": {"timestamp": 1775787913.1368818}, "DENN": {"timestamp": 1775787914.675515}, "DFCO": {"timestamp": 1776034770.639843}, "DFS": {"timestamp": 1776034780.377111}, "DGLY": {"timestamp": 1775787917.218591}, "DM": {"timestamp": 1775787918.868801}, "DMN": {"timestamp": 1775787919.1969101}, "DMSL": {"timestamp": 1775787919.5202172}, "DRFS": {"timestamp": 1775787920.485025}, "DWIS": {"timestamp": 1775787923.328802}, "DYNT": {"timestamp": 1775787925.117228}, "EBFI": {"timestamp": 1775787926.3366132}, "ECGR": {"timestamp": 1775787926.6838038}, "EFSH": {"timestamp": 1776034771.913686}, "EGIO": {"timestamp": 1776034782.328618}, "EMKR": {"timestamp": 1775787932.376262}, "ENTO": {"timestamp": 1775787935.582506}, "ENZ": {"timestamp": 1775787935.895873}, "ETNB": {"timestamp": 1775787939.4613261}, "EVA": {"timestamp": 1776034776.746687}, "EYEN": {"timestamp": 1775787942.356249}, "EZFL": {"timestamp": 1775787942.672032}, "FBMS": {"timestamp": 1775787943.673385}, "FHLD": {"timestamp": 1775787946.8320699}, "FLLZ": {"timestamp": 1775787949.084651}, "FLYY": {"timestamp": 1775787950.672096}, "FPAY": {"timestamp": 1775787953.729693}, "FSFG": {"timestamp": 1776034771.235251}, "GAFC": {"timestamp": 1775787957.894855}, "GAN": {"timestamp": 1775787958.8747861}, "GATO": {"timestamp": 1776034790.052616}, "GCEH": {"timestamp": 1775787960.79185}, "GCGJ": {"timestamp": 1775787961.373612}, "GEVI": {"timestamp": 1775787964.559988}, "GHSI": {"timestamp": 1775787965.934737}, "GIGA": {"timestamp": 1775787966.5826519}, "GLAE": {"timestamp": 1775787968.142522}, "SPWRQ": {"timestamp": 1776034768.421039}, "UBX": {"timestamp": 1776034769.3827682}, "EVOK": {"timestamp": 1776034773.836679}, "RGF": {"timestamp": 1776034774.160748}, "TWKS": {"timestamp": 1776034774.820369}, "MESA": {"timestamp": 1776034775.4229052}, "FNA": {"timestamp": 1776034776.424035}, "IVHI": {"timestamp": 1776034779.048147}, "KEYR": {"timestamp": 1776034781.0346}, "TZUP": {"timestamp": 1776034781.967066}, "VVI": {"timestamp": 1776034785.86583}, "DRQ": {"timestamp": 1776034788.0667882}, "HSON": {"timestamp": 1776034791.626858}, "MCVT": {"timestamp": 1776034792.296988}, "UNXP": {"timestamp": 1776034792.893698}, "NUGN": {"timestamp": 1776034795.319}, "VNUE": {"timestamp": 1776034795.907701}, "TUP": {"timestamp": 1776034798.196031}, "RCM": {"timestamp": 1776034798.5272782}}