{"ZZZZZ": {"timestamp": 1775288659.723841}, "INVO": {"timestamp": 1775783468.4473028}, "ARTH": {"timestamp": 1775783468.768221}, "LICY": {"timestamp": 1775783469.078581}, "VLCN": {"timestamp": 1775783470.959622}, "FRES": {"timestamp": 1775783472.747773}, "MIMOQ": {"timestamp": 1775783473.060809}, "ADXS": {"timestamp": 1775783473.634103}, "GES": {"timestamp": 1775783474.212851}, "ACOGF": {"timestamp": 1775783474.8474612}, "SGH": {"timestamp": 1775783475.838033}, "SAVE": {"timestamp": 1775783476.150122}, "GBNHF": {"timestamp": 1775783476.464363}, "EAST": {"timestamp": 1775783476.776799}, "ICDI": {"timestamp": 1775783477.352233}, "KTRA": {"timestamp": 1775783478.324418}, "SMLR": {"timestamp": 1775783478.902117}, "SAVEQ": {"timestamp": 1775783479.862375}, "MULN": {"timestamp": 1775783481.081625}, "AWH": {"timestamp": 1775783481.407425}}